Nama,Penghasilan
Eolanda,6639459
Nicoli,3445396
Andeee,3067859
Aigneis,2478561
Emelina,9354726
Ilse,4564958
Dolli,2965023
Eugine,6495733
Dominga,7924384
Gratia,5943464
Angela,7678404
Suzette,3087973
Wanda,3213217
Theodora,8908402
Jillayne,3946619
Marcelline,3633017
Tori,3969319
Brandise,6350151
Lisette,9600871
Kary,4208819
Bernie,9251151
Consuela,2405660
Emmey,3413568
Beth,2193920
Kathi,9352204
Lesly,8309465
Linet,4260421
Genovera,5240002
Maryellen,1948698
Candy,8349167
Theodora,6727858
Sam,4616777
Laurene,3445447
Mahalia,1281219
Ardeen,4807796
Justinn,5386891
Doro,3886441
Lita,2644472
Kaja,3203213
Nadine,1807907
Teddie,3533691
Neila,8773510
Minda,4920396
Romona,5547804
Barbara,7372249
Dorothy,6800902
Kathy,5088132
Tobe,5847168
Arabel,9472993
Giustina,9254323
Ivett,6396797
Kara-Lynn,3701532
Sam,9115748
Lexine,1443891
Harrietta,4093042
Susan,3666967
Phylis,2434776
Pierette,8656548
Collen,3668032
Elmira,3260894
Vonny,7149976
Brianna,4656659
Helena,8959577
Millie,6858936
Jennica,2631062
Lanna,6799323
Danny,8723396
Robbi,1988153
Demetris,4447216
Kenna,6150795
Di,3680801
Mathilda,5063399
Merry,4307047
Ulrike,5372804
Ketti,3432923
Mary,6290332
Alexine,8417446
Courtnay,4803752
Georgina,4221389
Margalo,9106579
Agathe,8416951
Sabina,1846501
Annaliese,9328109
Melisent,2961097
Katleen,4486040
Emmey,6728766
Pollyanna,4278671
Emilia,2716309
Rayna,9978272
Asia,1230711
Kerrin,6199747
Anestassia,7580233
Aryn,1687118
Candi,2033600
Britte,4477707
Lonnie,1277829
Inga,7872087
Vere,1538229
Theodora,9166855
Alia,3682233
Rosanne,7080183
Courtnay,2628055
Christy,8670981
Moyna,3836014
Berta,5741385
Selma,9281598
Chickie,8510922
Marleah,3892001
Alex,9356167
Moyna,3643777
Anallese,5114886
Ulrike,6457724
Elfreda,6351151
Gianina,2043950
Cam,6720865
Darlleen,5573283
Philis,2928176
Maud,5360908
Kristan,5567595
Fidelia,9462041
Sonni,1487323
Trudie,4772752
Brooks,9542091
Tami,3702534
Hallie,5431661
Jan,2524802
Tarra,5839953
Penelopa,3462183
Liana,1305709
Christal,4153908
Leia,5806015
Marinna,6673793
Viviene,7355272
Gaylene,1422794
Tami,2156443
Suzette,1358575
Minda,2801007
Ermengarde,4178054
Carilyn,4044854
Vinita,9088515
Tersina,7439895
Charlena,6756984
Angela,1767455
Vita,4453361
Drucie,1518465
Paola,6823463
Kittie,1052975
Codie,9197127
Lindie,5540481
Wanda,9053128
Doro,7854565
Leona,4393826
Elvira,9829668
Joleen,6563267
Marjie,1360066
Deirdre,1357407
Lesly,7978588
Joeann,9590991
Marti,2864831
Wynne,4679764
Elmira,7987381
Fernande,8846671
Leia,7390058
Jenda,3219612
Devina,8241042
Xylina,3737700
Charlena,3166771
Ayn,2873707
Angela,9836075
Petronia,2592266
Pierette,5143238
Deloria,7925846
Violet,9940091
Shirlee,1039387
Agnese,4723906
Rosene,5428443
June,4708244
Jsandye,9010990
Maye,6650162
Barbi,2463876
Patricia,1412767
Jordan,1415372
Carol-Jean,6611355
Pamella,6830955
Gavrielle,9723351
Marline,8503212
Lexine,3700658
Blinni,1964389
Sam,9632750
Michaelina,3562155
Tilly,7365082
Cecile,5335747
Susan,5249119
Heida,9152912
Asia,4830549
Nadine,5218463
Andree,7867955
Doro,7722206
Brooks,3617699
Vanessa,3136504
